First Name,Last Name,Acquired Date,Email,Password,Phone Number,Postal Address,Residential Address,Siono,
Test1,Test Test,2018-02-03,titular1@email.com,u5Pffkgp0Q9+0NfTD6pexw==,,fsdf,dfsdf,boxyes,
Test3,Test Test,2018-03-31,titular2@email.com,u5Pffkgp0Q9+0NfTD6pexw==,,wewqe,dfsdf,,
Test4,Test Test,2018-02-12,titular4@email.com,u5Pffkgp0Q9+0NfTD6pexw==,,wqewq,dsffd,,
Test5,Test Test,2018-12-12,titular3@email.com,u5Pffkgp0Q9+0NfTD6pexw==,,fsdf,dfsdf,,
Test7,Test Test,1992-02-12,titular@email.com,u5Pffkgp0Q9+0NfTD6pexw==,,wqwwq,wqewqe,boxno,
Daniel,Gonzalez ,2010-10-10,danitus@gmail.com,fc0iUkg331qk3V8HY6MWvQ==,787-123-1233,PO Box 847,Urb Los Rosales APT-123,,
Tese,Test11,1993-12-11,titular111@email.com,fc0iUkg331qk3V8HY6MWvQ==,2332321,1221,qqq,,
Tese,Test11,1991-02-12,titular141@email.com,fc0iUkg331qk3V8HY6MWvQ==,2332321,1221,qqq,,
Tese,Test11,1991-02-12,titular141@email.com,fc0iUkg331qk3V8HY6MWvQ==,2332321,1221,qqq,,
Test12,Test12,2019-02-12,titular12@email.com,u5Pffkgp0Q9+0NfTD6pexw==,21321213,213213,213213,,
Juan,Del Pueblo,2017-07-05,titular2@emailtest.com,fc0iUkg331qk3V8HY6MWvQ==,123456789,Florida; 20547,Edwater Palm Dr ,,
Titular,Comunidad,2017-06-24,titular2@emailtest.com,fc0iUkg331qk3V8HY6MWvQ==,123456789,32145,Edwater Palm Dr ,,
Titular,Desde,2019-06-19,titulardesdeadministrador@testemail.com,fc0iUkg331qk3V8HY6MWvQ==,123456789,32587,Silver Palm,,
Test,Test1,2019-12-31,alakohi122@gmail.com,u5Pffkgp0Q9+0NfTD6pexw==,3213232,sdsd,aaa,,
Test,Test1,2019-03-23,alakohi12212@gmail.com,u5Pffkgp0Q9+0NfTD6pexw==,23233,sdsd,aaa,,
